{"cameraMode":{"drawMode":0,"name":"Shaded","section":"Shading Mode"},"sceneLighting":true,"audioPlay":false,"sceneViewState":{"showFog":true,"showMaterialUpdate":false,"showSkybox":true,"showFlares":true,"showImageEffects":true,"showParticleSystems":true},"in2DMode":false,"pivot":{"x":-13.867355346679688,"y":4.283024787902832,"z":-11.957836151123047},"rotation":{"x":-0.09476721286773682,"y":-0.7014771699905396,"z":0.09603703767061234,"w":-0.7000692486763},"size":2.0999999046325685,"orthographic":false}